Angle of Rotation,Direction,Eccentricity,Reaction Time (s)
0.0,2,0,0.19527962498250417
0.0,2,0,0.206005375017412
0.0,2,0,0.011784500005887821
0.0,2,0,0.3181022089847829
0.0,2,0,0.05271066600107588
0.0,0,0,0.15830216600443237
0.0,0,0,0.10768212500261143
0.0,0,0,0.09891425000387244
0.0,0,0,0.07604170899139717
0.0,0,0,0.2415686669992283
